VIDEO_ENGAGEMENT_RATE,NON_VIDEO_ENGAGEMENT_RATE
1.2150744469072938E-4,0.0028471658676660692
